model,train_time_sec,inference_batch_sec,inference_ms_per_sample,accuracy,precision_macro,recall_macro,f1_macro,mcc,roc_auc
Random Forest,0.23007130398764275,0.02429799699166324,0.016417565534907596,0.9148648648648648,0.9166758392955421,0.9147765871189709,0.9147596375364767,0.8314502572203287,0.9620897522991403
XGBoost,0.35470727999927476,0.001381320005748421,0.0009333243282083926,0.9141891891891892,0.9147732364716448,0.9141392559478156,0.91415152465997,0.8289122499744693,0.9574248168357694
LightGBM,0.2599086720001651,0.0026140039990423247,0.001766218918271841,0.9155405405405406,0.9165142586195218,0.915476007859809,0.9154818516692791,0.8319896186562112,0.9586300849531407
CatBoost,0.5695874319935683,0.0014495820068987086,0.0009794473019585869,0.9114864864864864,0.9117797568896793,0.911451142813315,0.9114651045655201,0.8232308341155534,0.958715914652408
Extra Trees,0.18928137599141337,0.02378218900412321,0.016069046624407578,0.9101351351351351,0.9115749438665628,0.9100559536592671,0.9100444156840056,0.8216294934079781,0.9535533495496681
MLP,24.467922002004343,0.11200633599946741,0.07567995675639691,0.9114864864864864,0.9147642010565059,0.9113671392778617,0.911293676586115,0.8261243559258684,0.9560497154836777
