{
  "model": "CatBoost",
  "train_time_sec": 3.4978068649943452,
  "inference_batch_sec": 0.010925495997071266,
  "inference_ms_per_sample": 0.007382091889913018,
  "accuracy": 0.9114864864864864,
  "precision_macro": 0.9117797568896793,
  "recall_macro": 0.911451142813315,
  "f1_macro": 0.9114651045655201,
  "roc_auc": 0.958715914652408,
  "mcc": 0.8232308341155534
}