{
  "0": 0.9671113155473781,
  "1": 1.035204332840965
}