{
  "model": "MLP",
  "train_time_sec": 46.044239445996936,
  "inference_batch_sec": 0.1157182300084969,
  "inference_ms_per_sample": 0.07818799324898439,
  "accuracy": 0.9114864864864864,
  "precision_macro": 0.9147642010565059,
  "recall_macro": 0.9113671392778617,
  "f1_macro": 0.911293676586115,
  "roc_auc": 0.9560497154836777,
  "mcc": 0.8261243559258684
}