model,train_time_sec,inference_batch_sec,inference_ms_per_sample,accuracy,precision_macro,recall_macro,f1_macro,mcc,roc_auc
Random Forest,0.1957010040005116,0.03360861299915996,0.03194735075965775,0.9115969581749049,0.9127866371784426,0.9106906972115159,0.9112987235524028,0.8234746670600417,0.9548703472486112
XGBoost,1.341181695999694,0.002455683999869507,0.002334300380104094,0.908745247148289,0.9092228588431239,0.9081446899372094,0.9085217391304348,0.8173668376873269,0.9518411957367499
LightGBM,0.2751837499999965,0.0021490299986908212,0.002042804181265039,0.9125475285171103,0.9125465784527806,0.9122957494164269,0.912407913551867,0.8248422897314902,0.9565586377865842
CatBoost,0.48188351200042234,0.0014501919995382195,0.0013785095052644672,0.9077946768060836,0.9078985507246378,0.907433545048224,0.9076256541493049,0.8153319631702707,0.9524166259522647
Extra Trees,0.161192810999637,0.03440886000134924,0.032708041826377605,0.9001901140684411,0.9002753623188406,0.8998190471020393,0.9000071513987321,0.8000942792964898,0.9494128078461178
MLP,23.688047161000213,0.09942491800029529,0.09451037832727689,0.8992395437262357,0.9025590298767197,0.8976638980873279,0.8986534630429408,0.8002079555491295,0.9487089010730507
