{
  "model": "MLP",
  "train_time_sec": 12.759520023000732,
  "inference_batch_sec": 0.007119647998479195,
  "inference_ms_per_sample": 0.006767726234295813,
  "accuracy": 0.8954372623574145,
  "precision_macro": 0.898155632033413,
  "recall_macro": 0.8939941733166856,
  "f1_macro": 0.8948886757353796,
  "roc_auc": 0.9475055643016123,
  "mcc": 0.7921388744264153
}