model,train_time_sec,inference_batch_sec,inference_ms_per_sample,accuracy,precision_macro,recall_macro,f1_macro,mcc,roc_auc
Random Forest,0.2449405749939615,0.034030295006232336,0.022993442571778603,0.9148648648648648,0.9166758392955421,0.9147765871189709,0.9147596375364767,0.8314502572203287,0.9620897522991403
XGBoost,0.44110506000288296,0.001333173000602983,0.0009007925679749884,0.9141891891891892,0.9147732364716448,0.9141392559478156,0.91415152465997,0.8289122499744693,0.9574248168357694
LightGBM,0.3119178390043089,0.003829419001704082,0.002587445271421677,0.9155405405405406,0.9165142586195218,0.915476007859809,0.9154818516692791,0.8319896186562112,0.9586300849531407
CatBoost,0.5665599709900562,0.00173033399914857,0.001169144594019304,0.9114864864864864,0.9117797568896793,0.911451142813315,0.9114651045655201,0.8232308341155534,0.958715914652408
Extra Trees,0.18319492100272328,0.02321564899466466,0.015686249320719367,0.9101351351351351,0.9115749438665628,0.9100559536592671,0.9100444156840056,0.8216294934079781,0.9535533495496681
MLP,29.716932330004056,0.11137263999262359,0.07525178377879972,0.9114864864864864,0.9147642010565059,0.9113671392778617,0.911293676586115,0.8261243559258684,0.9560497154836777
