{
  "0": 0.9974721941354904,
  "1": 1.002540650406504
}