{
  "model": "XGBoost",
  "train_time_sec": 0.6388011909875786,
  "inference_batch_sec": 0.020868159001111053,
  "inference_ms_per_sample": 0.014100107433183144,
  "accuracy": 0.9141891891891892,
  "precision_macro": 0.9147732364716448,
  "recall_macro": 0.9141392559478156,
  "f1_macro": 0.91415152465997,
  "roc_auc": 0.9574248168357694,
  "mcc": 0.8289122499744693
}